Image_Name,Germ
IMG_2932,0
IMG_2934,0
IMG_2935,1
IMG_2936,1
IMG_2937,0
IMG_2938,1
IMG_2939,1
IMG_2940,1
IMG_2941,0
IMG_2942,1
IMG_2943,0
IMG_2944,1
IMG_2945,1
IMG_2946,1
IMG_2947,1
IMG_2948,1
IMG_2949,1
IMG_2950,1
IMG_2951,1
IMG_2952,1
IMG_2953,0
IMG_2954,1
IMG_2955,1
IMG_2956,1
IMG_2957,1
IMG_2958,1
IMG_2959,1
IMG_2960,1
IMG_2961,1
IMG_2962,0
IMG_2963,1
IMG_2964,1
IMG_2965,1
IMG_2966,1
IMG_2967,1
IMG_2968,0
IMG_2969,1
IMG_2970,1
IMG_2971,1
IMG_2972,1
IMG_2973,1
IMG_2974,1
IMG_2975,1
IMG_2976,1
IMG_2977,1
IMG_2978,1
IMG_2979,1
IMG_2980,1
IMG_2981,1
IMG_2982,1
IMG_2983,1
IMG_2984,1
IMG_2985,1
IMG_2986,1
IMG_2987,1
IMG_2988,1
IMG_2989,1
IMG_2990,1
IMG_2991,1
IMG_2992,1
IMG_2993,1
IMG_2994,1
IMG_2995,1
IMG_2996,1
IMG_2997,1
IMG_2998,1
IMG_2999,1
IMG_3001,1
IMG_3002,1
IMG_3003,1
IMG_3004,1
IMG_3005,0
IMG_3006,1
IMG_3007,1
IMG_3008,1
IMG_3009,1
IMG_3010,1
IMG_3011,1
IMG_3012,1
IMG_3013,1
IMG_3014,1
IMG_3015,1
IMG_3016,1
IMG_3017,0
IMG_3018,1
IMG_3019,1
IMG_3020,1
IMG_3021,1
IMG_3022,1
IMG_3023,1
IMG_3024,1
IMG_3025,0
IMG_3026,1
IMG_3027,1
IMG_3028,1
IMG_3029,1
IMG_3030,0
IMG_3031,1
IMG_3032,1
IMG_3033,1
IMG_3034,1
IMG_3035,1
IMG_3036,1
IMG_3037,0
IMG_3038,1
IMG_3039,0
IMG_3040,1
IMG_3041,1
IMG_3042,1
IMG_3043,1
IMG_3044,1
IMG_3045,1
IMG_3046,1
IMG_3047,1
IMG_3048,1
IMG_3049,1
IMG_3050,1
IMG_3051,1
IMG_3052,1
IMG_3053,1
IMG_3054,1
IMG_3055,1
IMG_3056,1
IMG_3057,0
IMG_3058,1
IMG_3059,1
IMG_3060,1
IMG_3061,1
IMG_3062,1
IMG_3063,1
IMG_3064,1
IMG_3065,1
IMG_3066,1
IMG_3067,1
IMG_3068,1
IMG_3069,1
IMG_3070,1
IMG_3071,1
IMG_3072,1
IMG_3073,1
IMG_3074,1
IMG_3075,1
IMG_3076,1
IMG_3077,1
IMG_3078,1
IMG_3079,1
IMG_3080,1
IMG_3081,1
IMG_3082,1
IMG_3083,1
IMG_3084,1
IMG_3085,1
IMG_3086,1
IMG_3087,1
IMG_3088,1
IMG_3089,1
IMG_3090,1
IMG_3091,0
IMG_3092,1
IMG_3093,1
IMG_3094,1
IMG_3095,1
IMG_3096,1
IMG_3097,1
IMG_3098,1
IMG_3099,1
IMG_3100,1
IMG_3101,0
IMG_3102,1
IMG_3103,1
IMG_3104,1
IMG_3105,1
IMG_3106,1
IMG_3107,1
IMG_3108,1
IMG_3109,1
IMG_3110,1
IMG_3111,1
IMG_3112,1
IMG_3113,1
IMG_3114,1
IMG_3115,1
IMG_3116,1
IMG_3117,1
IMG_3118,0
IMG_3119,1
IMG_3120,1
IMG_3121,1
IMG_3122,1
IMG_3123,1
IMG_3124,1
IMG_3125,1
IMG_3126,1
IMG_3127,1
IMG_3128,1
IMG_3129,1
IMG_3130,1
IMG_3131,1
IMG_3132,1
IMG_3133,1
IMG_3134,1
IMG_3706,0
IMG_3707,0
IMG_3708,0
IMG_3709,0
IMG_3710,0
IMG_3711,0
IMG_3712,0
IMG_3713,0
IMG_3714,0
IMG_3715,0
IMG_3716,0
IMG_3717,0
IMG_3718,0
IMG_3719,0
IMG_3720,0
IMG_3721,0
IMG_3722,0
IMG_3723,0
IMG_3724,0
IMG_3725,0
IMG_3726,0
IMG_3727,0
IMG_3728,0
IMG_3729,0
IMG_3730,0
IMG_3731,0
IMG_3732,0
IMG_3733,0
IMG_3734,0
IMG_3735,0
IMG_3736,0
IMG_3737,0
IMG_3738,0
IMG_3739,0
IMG_3740,0
IMG_3741,0
IMG_3742,0
IMG_3743,0
IMG_3744,0
IMG_3745,0
IMG_3746,0
IMG_3747,0
IMG_3748,0
IMG_3749,0
IMG_3764,0
IMG_3765,1
IMG_3766,1
IMG_3767,1
IMG_3768,1
IMG_3769,1
IMG_3770,1
IMG_3771,1
IMG_3772,1
IMG_3773,1
IMG_3774,1
IMG_3775,1
IMG_3777,1
IMG_3778,1
IMG_3779,1
IMG_3780,1
IMG_3781,1
IMG_3782,1
IMG_3783,0
IMG_3784,1
IMG_3785,1
IMG_3786,1
IMG_3787,1
IMG_3788,1
IMG_3789,1
IMG_3790,1
IMG_3791,1
IMG_3792,1
IMG_3793,1
IMG_3794,1
IMG_3795,1
IMG_3796,1
IMG_3797,1
IMG_3798,1
IMG_3799,1
IMG_3800,1
IMG_3801,1
IMG_3802,1
IMG_3803,1
IMG_3804,1
IMG_3805,1
IMG_3806,1
IMG_3807,1
IMG_3808,1
IMG_3809,1
IMG_3810,1
IMG_3811,1
IMG_3812,1
IMG_3813,1
IMG_3814,1
IMG_3815,1
IMG_3816,0
IMG_3817,1
IMG_3818,1
IMG_3819,1
IMG_3820,1
IMG_3821,1
IMG_3822,1
IMG_3823,1
IMG_3824,1
IMG_3825,1
IMG_3826,1
IMG_3827,1
IMG_3828,1
IMG_3829,1
IMG_3830,1
IMG_3831,1
IMG_3832,1
IMG_3833,1
IMG_3834,0
IMG_3835,1
IMG_3836,0
IMG_3837,1
IMG_3838,1
IMG_3839,1
IMG_3840,1
IMG_3841,1
IMG_3842,1
IMG_3843,1
IMG_3844,1
IMG_3845,1
IMG_3846,1
IMG_3847,1
IMG_3848,1
IMG_3849,1
IMG_3850,1
IMG_3851,1
IMG_3852,1
IMG_3853,1
IMG_3854,1
IMG_3855,1
IMG_3856,1
IMG_3857,1
IMG_3858,1
IMG_3859,1
IMG_3860,1
IMG_3861,1
IMG_3862,1
IMG_3863,1
IMG_3864,1
IMG_3865,1
IMG_3866,1
IMG_3867,1
IMG_3868,1
IMG_3869,1
IMG_3870,0
IMG_3871,0
IMG_3872,1
IMG_3873,1
IMG_3874,1
IMG_3875,1
IMG_3876,1
IMG_3877,1
IMG_3878,1
IMG_3879,0
IMG_3880,1
IMG_3881,1
IMG_3882,1
IMG_3883,1
IMG_3884,1
IMG_3885,1
IMG_3886,1
IMG_3887,1
IMG_3888,1
IMG_3889,1
IMG_3890,1
IMG_3891,1
IMG_3892,1
IMG_3893,1
IMG_3894,1
IMG_3895,1
IMG_3896,1
IMG_3897,1
IMG_3898,1
IMG_3899,1
IMG_3900,1
IMG_3901,1
IMG_3902,1
IMG_3903,1
IMG_3904,1
IMG_3905,1
IMG_3906,1
IMG_3907,1
IMG_3908,1
IMG_3909,0
IMG_3910,1
IMG_3911,1
IMG_3912,1
IMG_3913,1
IMG_3914,1
IMG_3915,1
IMG_3916,1
IMG_3917,1
IMG_3918,1
IMG_3919,1
IMG_3920,1
IMG_3921,1
IMG_3923,1
IMG_3924,1
IMG_3925,1
IMG_3926,1
IMG_3927,1
IMG_3928,1
IMG_3929,1
IMG_3930,1
IMG_3931,1
IMG_3932,1
IMG_3933,1
IMG_3934,1
IMG_3935,1
IMG_3936,0
IMG_3937,1
IMG_3938,1
IMG_3939,1
IMG_3940,1
IMG_3941,1
IMG_3942,1
IMG_3943,1
IMG_3944,1
IMG_3945,1
IMG_3946,1
IMG_3947,1
IMG_3948,1
IMG_3949,0
IMG_3950,1
IMG_3951,1
IMG_3952,1
IMG_3953,1
IMG_3954,1
IMG_3955,1
IMG_3956,1
IMG_3957,1
IMG_3958,1
IMG_3959,1
IMG_3960,1
IMG_3961,1
IMG_3962,1
IMG_3963,1
IMG_3964,1
IMG_3965,1
IMG_3966,1
IMG_3967,1
IMG_3968,1
IMG_3969,1
IMG_3970,1
IMG_3971,1
IMG_3972,1
IMG_3973,1
IMG_3974,1
IMG_3975,1
IMG_3976,1
IMG_3977,1
IMG_3978,0
IMG_3979,1
IMG_3980,1
IMG_3981,1
IMG_3982,1
IMG_3983,1
IMG_3997,0
IMG_3998,0
IMG_3999,0
IMG_4000,0
IMG_4001,0
IMG_4002,0
IMG_4003,0
IMG_4004,0
IMG_4005,0
IMG_4006,0
IMG_4007,0
IMG_4008,0
IMG_4009,0
IMG_4010,0
IMG_4012,0
IMG_4013,0
IMG_4014,0
IMG_4015,0
IMG_4016,0
IMG_4017,0
IMG_4018,0
IMG_4019,0
IMG_4020,0
IMG_4021,0
IMG_4022,0
IMG_4023,0
IMG_4024,0
IMG_4025,0
IMG_4026,0
IMG_4027,0
IMG_4028,0
IMG_4029,0
IMG_4030,0
IMG_4031,0
IMG_4032,0
IMG_4033,0
IMG_4034,0
IMG_4035,0
IMG_4036,0
IMG_4037,0
IMG_4038,0
IMG_4039,0
IMG_4040,0
IMG_4041,0
IMG_4042,0
IMG_4043,0
IMG_4044,0
IMG_4045,0
IMG_4046,0
IMG_4047,0
IMG_4048,0
IMG_4049,0
IMG_4050,0
IMG_4051,0
IMG_4052,0
IMG_4053,0
IMG_4054,0
IMG_4055,0
IMG_4056,0
IMG_4057,0
IMG_4058,0
IMG_4059,0
IMG_4060,0
IMG_4061,0
IMG_4062,0
IMG_4063,0
IMG_4064,0
IMG_4065,0
IMG_4066,0
IMG_4067,0
IMG_4068,0
IMG_4069,0
IMG_4070,0
IMG_4071,0
IMG_4072,0
IMG_4073,0
IMG_4074,0
IMG_4075,0
IMG_4076,0
IMG_4077,0
IMG_4078,0
IMG_4079,0
IMG_4080,0
IMG_4081,0
IMG_4082,0
IMG_4083,0
IMG_4099,0
IMG_4100,0
IMG_4101,0
IMG_4102,0
IMG_4104,0
IMG_4105,0
IMG_4106,0
IMG_4107,0
IMG_4108,0
IMG_4109,0
IMG_4110,0
IMG_4112,0
IMG_4113,0
IMG_4114,0
IMG_4115,0
IMG_4116,0
IMG_4117,0
IMG_4119,0
IMG_4120,0
IMG_4121,0
IMG_4122,0
IMG_4123,0
IMG_4124,0
IMG_4125,0
IMG_4129,0
IMG_4130,0
IMG_4131,0
IMG_4132,0
IMG_4133,0
IMG_4135,0
IMG_4136,0
IMG_4143,0
IMG_4144,0
IMG_4145,0
IMG_4146,0
IMG_4147,0
IMG_4148,0
IMG_4149,0
IMG_4150,0
IMG_4151,0
IMG_4152,0
IMG_4153,0
IMG_4154,0
IMG_4155,0
IMG_4156,0
IMG_4157,0
IMG_4158,0
IMG_4159,0
IMG_4160,0
IMG_4161,0
IMG_4162,0
IMG_4163,0
IMG_4164,0
IMG_4165,0
IMG_4166,0
IMG_4167,0
IMG_4168,0
IMG_4169,0
IMG_4170,0
IMG_4184,1
IMG_4185,1
IMG_4186,1
IMG_4187,1
IMG_4188,1
IMG_4189,1
IMG_4190,1
IMG_4191,1
IMG_4192,0
IMG_4193,1
IMG_4194,1
IMG_4195,1
IMG_4196,1
IMG_4197,1
IMG_4198,1
IMG_4199,1
IMG_4200,1
IMG_4201,1
IMG_4202,1
IMG_4203,1
IMG_4204,1
IMG_4205,1
IMG_4206,1
IMG_4207,1
IMG_4208,1
IMG_4209,1
IMG_4210,1
IMG_4211,1
IMG_4212,1
IMG_4213,1
IMG_4214,1
IMG_4215,1
IMG_4216,1
IMG_4217,0
IMG_4218,1
IMG_4219,1
IMG_4220,1
IMG_4221,1
IMG_4222,0
IMG_4223,1
IMG_4224,1
IMG_4225,1
IMG_4226,1
IMG_4227,1
IMG_4228,1
IMG_4229,0
IMG_4230,1
IMG_4231,0
IMG_4232,1
IMG_4233,1
IMG_4234,1
IMG_4235,1
IMG_4236,1
IMG_4237,1
IMG_4238,1
IMG_4239,1
IMG_4240,1
IMG_4241,1
IMG_4242,1
IMG_4243,1
IMG_4244,0
IMG_4245,1
IMG_4246,0
IMG_4247,0
IMG_4248,0
IMG_4249,1
IMG_4250,1
IMG_4251,1
IMG_4252,1
IMG_4253,0
IMG_4254,1
IMG_4255,1
IMG_4256,1
IMG_4257,1
IMG_4258,1
IMG_4259,1
IMG_4260,1
IMG_4261,1
IMG_4262,1
IMG_4263,1
IMG_4264,1
IMG_4265,1
IMG_4266,1
IMG_4267,1
IMG_4268,1
IMG_4269,0
IMG_4270,1
IMG_4271,1
IMG_4272,1
IMG_4273,1
IMG_4274,1
IMG_4275,1
IMG_4276,1
IMG_4277,0
IMG_4278,0
IMG_4279,1
IMG_4280,1
IMG_4281,1
IMG_4282,1
IMG_4283,1
IMG_4284,1
IMG_4285,1
IMG_4286,1
IMG_4287,1
IMG_4288,1
IMG_4289,1
IMG_4290,1
IMG_4291,0
IMG_4292,1
IMG_4293,1
IMG_4294,1
IMG_4295,1
IMG_4296,1
IMG_4297,1
IMG_4298,1
IMG_4299,1
IMG_4300,0
IMG_4301,1
IMG_4302,1
IMG_4303,0
IMG_4304,1
IMG_4305,1
IMG_4306,1
IMG_4307,1
IMG_4308,1
IMG_4309,1
IMG_4310,1
IMG_4311,1
IMG_4312,1
IMG_4313,1
IMG_4314,1
IMG_4315,0
IMG_4316,1
IMG_4317,1
IMG_4318,1
IMG_4319,1
IMG_4320,1
IMG_4321,1
IMG_4322,1
IMG_4323,1
IMG_4324,0
IMG_4325,1
IMG_4326,1
IMG_4327,1
IMG_4328,1
IMG_4329,1
IMG_4330,1
IMG_4331,1
IMG_4332,1
IMG_4333,1
IMG_4334,1
IMG_4335,1
IMG_4336,1
IMG_4337,1
IMG_4338,1
IMG_4339,1
IMG_4340,1
IMG_4341,1
IMG_4342,1
IMG_4344,0
IMG_4345,0
IMG_4346,1
IMG_4347,1
IMG_4348,0
IMG_4349,1
IMG_4350,1
IMG_4351,1
IMG_4352,1
IMG_4353,1
IMG_4354,0
IMG_4355,0
IMG_4356,1
IMG_4357,1
IMG_4360,1
IMG_4361,0
IMG_4362,1
IMG_4363,1
IMG_4364,0
IMG_4365,1
IMG_4366,1
IMG_4367,0
IMG_4368,1
IMG_4369,1
IMG_4370,1
IMG_4371,1
IMG_4372,1
IMG_4373,1
IMG_4374,1
IMG_4375,0
IMG_4376,0
IMG_4377,0
IMG_4378,0
IMG_4379,0
IMG_4380,1
IMG_4381,1
IMG_4382,1
IMG_4383,0
IMG_4384,1
IMG_4385,1
IMG_4386,1
IMG_4387,1
IMG_4388,1
IMG_4389,1
IMG_4390,1
IMG_4391,0
IMG_4392,0
IMG_4393,0
IMG_4394,1
IMG_4395,1
IMG_4396,1
IMG_4397,1
IMG_4398,0
IMG_4399,0
IMG_4400,1
IMG_4401,0
IMG_4402,1
IMG_4403,1
IMG_4404,1
IMG_4405,1
IMG_4406,1
IMG_4407,0
IMG_4408,1
IMG_4409,1
IMG_4410,1
IMG_4411,0
IMG_4412,0
IMG_4413,1
IMG_4414,1
IMG_4415,1
IMG_4416,1
IMG_4417,1
IMG_4418,1
IMG_4419,1
IMG_4420,1
IMG_4421,1
IMG_4422,1
IMG_4423,1
IMG_4424,1
IMG_4425,1
IMG_4426,1
IMG_4427,1
IMG_4428,1
IMG_4429,1
IMG_4430,0
IMG_4431,0
IMG_4432,0
IMG_4433,1
IMG_4434,1
IMG_4435,1
IMG_4436,1
IMG_4437,0
IMG_4438,1
IMG_4439,1
IMG_4440,1
IMG_4441,1
IMG_4442,1
IMG_4443,0
IMG_4444,1
IMG_4445,1
IMG_4446,1
IMG_4447,1
IMG_4448,0
IMG_4449,1
IMG_4450,1
IMG_4451,1
IMG_4452,1
IMG_4453,1
IMG_4454,1
IMG_4455,1
IMG_4456,1
IMG_4457,1
IMG_4458,1
IMG_4459,1
IMG_4460,1
IMG_4461,0
IMG_4462,1
IMG_4463,1
IMG_4464,0
IMG_4465,1
IMG_4466,1
IMG_4467,1
IMG_4468,1
IMG_4469,1
IMG_4470,1
IMG_4471,1
IMG_4472,1
IMG_4473,1
IMG_4474,1
IMG_4475,1
IMG_4476,1
IMG_4477,1
IMG_4478,1
IMG_4479,1
IMG_4480,1
IMG_4481,1
IMG_4482,1
IMG_4483,1
IMG_4484,1
IMG_4485,1
IMG_4486,1
IMG_4487,1
IMG_4488,0
IMG_4489,1
IMG_4490,1
IMG_4491,1
IMG_4492,1
IMG_4493,1
IMG_4494,1
IMG_4495,1
IMG_4496,1
IMG_4497,1
IMG_4498,1
IMG_4499,1
IMG_4500,1
IMG_4501,0
IMG_4502,0
IMG_4503,1
IMG_4504,1
IMG_4505,1
IMG_4506,1
IMG_4507,1
IMG_4508,1
IMG_4509,1
IMG_4510,0
IMG_4511,1
IMG_4512,1
IMG_4513,1
IMG_4514,1
IMG_4515,1
IMG_4516,1
IMG_4517,1
IMG_4518,1
IMG_4519,1
IMG_4520,1
IMG_4521,0
IMG_4522,1
IMG_4523,1
IMG_4524,1
IMG_4525,1
IMG_4526,1
IMG_4527,1
IMG_4528,1
IMG_4529,1
IMG_4530,1
IMG_4531,1
IMG_4532,1
IMG_4533,0
IMG_4534,1
IMG_4535,0
IMG_4536,1
IMG_4537,1
IMG_4538,1
IMG_4539,1
IMG_4540,1
IMG_4541,1
IMG_4542,1
IMG_4543,1
IMG_4544,0
IMG_4545,0
IMG_4546,1
IMG_4547,0
IMG_4548,1
IMG_4549,1
IMG_4550,1
IMG_4551,0
IMG_4552,1
IMG_4553,1
IMG_4554,1
IMG_4555,1
IMG_4556,1
IMG_4557,1
IMG_4558,1
IMG_4559,1
IMG_4560,1
IMG_4561,1
IMG_4562,1
IMG_4563,1
IMG_4564,0
IMG_4565,0
IMG_4566,1
IMG_4567,1
IMG_4568,1
IMG_4569,1
IMG_4570,1
IMG_4571,1
IMG_4572,1
IMG_4573,1
IMG_4574,1
IMG_4575,1
IMG_4576,1
IMG_4577,1
IMG_4578,1
IMG_4579,0
IMG_4580,1
IMG_4581,1
IMG_4582,1
IMG_4583,1
IMG_4584,1
IMG_4585,1
IMG_4586,1
IMG_4587,1
IMG_4588,1
IMG_4589,1
IMG_4590,1
IMG_4591,1
IMG_4592,0
IMG_4593,1
IMG_4594,1
IMG_4595,1
IMG_4596,1
IMG_4597,1
IMG_4598,1
IMG_4599,1
IMG_4600,1
IMG_4601,1
IMG_4602,1
IMG_4603,1
IMG_4604,1
IMG_4605,0
IMG_4606,1
IMG_4607,1
IMG_4608,1
IMG_4609,1
IMG_4610,1
IMG_4611,1
IMG_4612,1
IMG_4613,1
IMG_4614,1
IMG_4615,1
IMG_4616,0
IMG_4617,1
IMG_4618,1
IMG_4619,1
IMG_4620,1
IMG_4621,0
IMG_4622,1
IMG_4623,1
IMG_4624,1
IMG_4625,0
IMG_4626,0
IMG_4627,1
IMG_4628,1
IMG_4629,1
IMG_4630,1
IMG_4631,1
IMG_4632,0
IMG_4633,1
IMG_4634,1
IMG_4635,1
IMG_4636,1
IMG_4637,1
IMG_4638,1
IMG_4639,1
IMG_4640,1
IMG_4641,1
IMG_4642,1
IMG_4643,1
IMG_4644,1
IMG_4645,1
IMG_4646,1
IMG_4647,1
IMG_4648,0
IMG_4649,1
IMG_4650,0
IMG_4651,1
IMG_4652,1
IMG_4653,1
IMG_4654,1
IMG_4655,1
IMG_4656,0
IMG_4657,0
IMG_4658,1
IMG_4659,1
IMG_4660,1
IMG_4661,1
IMG_4662,1
IMG_4663,1
IMG_4664,0
IMG_4665,1
IMG_4666,1
IMG_4667,1
IMG_4668,1
IMG_4669,1
IMG_4670,0
IMG_4671,0
IMG_4672,1
IMG_4673,1
IMG_4674,1
IMG_4675,1
IMG_4676,1
IMG_4677,1
IMG_4678,1
IMG_4679,1
IMG_4680,1
IMG_4681,1
IMG_4682,1
IMG_4683,1
IMG_4684,1
IMG_4685,1
IMG_4686,1
IMG_4687,1
IMG_4688,1
IMG_4689,1
IMG_4690,0
IMG_4691,0
IMG_4692,1
IMG_4693,0
IMG_4694,1
IMG_4695,1
IMG_4696,1
IMG_4697,0
IMG_4698,1
IMG_4699,1
IMG_4700,1
IMG_4701,1
IMG_4702,1
IMG_4703,1
IMG_4704,1
IMG_4705,1
IMG_4706,1
IMG_4707,1
IMG_4708,1
IMG_4709,1
IMG_4710,1
IMG_4711,1
IMG_4712,1
IMG_4713,1
IMG_4714,1
IMG_4715,1
IMG_4716,1
IMG_4717,1
IMG_4718,1
IMG_4719,1
IMG_4720,1
IMG_4721,1
IMG_4722,1
IMG_4723,1
IMG_4724,1
IMG_4725,1
IMG_4726,1
IMG_4727,0
IMG_4728,1
IMG_4729,1
IMG_4730,1
IMG_4731,1
IMG_4732,0
IMG_4733,1
IMG_4734,1
IMG_4735,1
IMG_4736,1
IMG_4737,1
IMG_4738,1
IMG_4739,1
IMG_4740,1
IMG_4741,1
IMG_4742,1
IMG_4743,1
IMG_4744,1
IMG_4745,1
IMG_4746,0
IMG_4747,0
IMG_4748,1
IMG_4749,1
IMG_4754,1
IMG_4755,1
IMG_4756,1
IMG_4757,1
IMG_4758,1
IMG_4759,1
IMG_4760,1
IMG_4761,1
IMG_4762,1
IMG_4763,1
IMG_4764,1
IMG_4765,1
IMG_4766,1
IMG_4767,0
IMG_4768,1
IMG_4769,1
IMG_4770,1
IMG_4771,1
IMG_4772,0
IMG_4773,1
IMG_4774,1
IMG_4775,1
IMG_4776,1
IMG_4777,1
IMG_4778,1
IMG_4779,0
IMG_4780,1
IMG_4781,1
IMG_4782,1
IMG_4783,1
IMG_4784,1
IMG_4785,1
IMG_4786,1
IMG_4787,1
IMG_4788,1
IMG_4789,1
IMG_4790,1
IMG_4791,1
IMG_4792,1
IMG_4793,1
IMG_4794,1
IMG_4795,1
IMG_4796,1
IMG_4797,1
IMG_4798,1
IMG_4799,1
IMG_4800,1
IMG_4801,1
IMG_4802,1
IMG_4803,1
IMG_4804,1
IMG_4805,1
IMG_4806,1
IMG_4807,1
IMG_4808,1
IMG_4809,1
IMG_4810,1
IMG_4811,1
IMG_4812,1
IMG_4813,0
IMG_4814,0
IMG_4815,1
IMG_4816,1
IMG_4817,1
IMG_4818,1
IMG_4819,1
IMG_4820,1
IMG_4821,1
IMG_4822,1
IMG_4823,1
IMG_4824,1
IMG_4825,1
IMG_4826,1
IMG_4827,1
IMG_4828,1
IMG_4829,1
IMG_4830,1
IMG_4831,1
IMG_4832,1
IMG_4833,1
IMG_4834,1
IMG_4835,1
IMG_4837,0
IMG_4838,1
IMG_4839,1
IMG_4840,1
IMG_4841,1
IMG_4842,0
IMG_4843,0
IMG_4844,1
IMG_4845,1
IMG_4846,1
IMG_4847,1
IMG_4848,1
IMG_4849,1
IMG_4850,1
IMG_4851,1
IMG_4852,1
IMG_4853,1
IMG_4854,1
IMG_4855,0
IMG_4856,1
IMG_4857,1
IMG_4858,1
IMG_4859,1
IMG_4860,0
IMG_4861,1
IMG_4862,1
IMG_4863,1
IMG_4864,1
IMG_4865,1
IMG_4866,1
IMG_4867,1
IMG_4868,1
IMG_4869,1
IMG_4870,1
IMG_4871,1
IMG_4872,1
IMG_4873,1
IMG_4874,1
IMG_4875,1
IMG_4876,1
IMG_4877,1
IMG_4878,1
IMG_4879,1
IMG_4880,0
IMG_4881,1
IMG_4882,0
IMG_4883,1
IMG_4884,1
IMG_4885,1
IMG_4886,1
IMG_4887,1
IMG_4888,1
IMG_4889,1
IMG_4890,1
IMG_4891,0
IMG_4892,1
IMG_4893,1
IMG_4894,1
IMG_4895,1
IMG_4896,1
IMG_4897,1
IMG_4898,0
IMG_4899,0
IMG_4900,1
IMG_4901,1
IMG_4902,1
IMG_4903,1
IMG_4904,1
IMG_4905,1
IMG_4906,1
IMG_4907,1
IMG_4908,1
IMG_4909,1
IMG_4910,1
IMG_4911,1
IMG_4912,1
IMG_4913,1
IMG_4914,1
IMG_4915,1
IMG_4916,1
IMG_4917,1
IMG_4918,1
IMG_4919,1
IMG_4920,1
IMG_4921,1
IMG_4922,1
IMG_4923,1
IMG_4924,1
IMG_4925,1
IMG_4926,1
IMG_4927,1
IMG_4928,0
IMG_4929,1
IMG_4930,0
IMG_4931,1
IMG_4932,1
IMG_4933,1
IMG_4934,1
IMG_4935,1
IMG_4936,1
IMG_4937,1
IMG_4938,0
IMG_4939,1
IMG_4940,1
IMG_4941,1
IMG_4942,1
IMG_4943,1
IMG_4944,1
IMG_4945,1
IMG_4946,1
IMG_4947,1
IMG_4948,1
IMG_4949,1
IMG_4950,1
IMG_4951,1
IMG_4952,1
IMG_4953,0
IMG_4954,1
IMG_4955,1
IMG_4956,0
IMG_4957,1
IMG_4958,1
IMG_4959,1
IMG_4960,1
IMG_4961,1
IMG_4962,1
IMG_4963,1
IMG_4964,1
IMG_4965,1
IMG_4966,1
IMG_4967,1
IMG_4968,1
IMG_4969,1
IMG_4970,1
IMG_4971,1
IMG_4972,1
IMG_4973,1
IMG_4974,1
IMG_4975,1
IMG_4976,1
IMG_4977,1
IMG_4978,1
IMG_4979,1
IMG_4980,1
IMG_4981,1
IMG_4982,1
IMG_4983,1
IMG_4984,1
IMG_4985,0
IMG_4986,1
IMG_4987,1
IMG_4988,1
IMG_4989,1
IMG_4990,1
IMG_4991,0
IMG_4992,1
IMG_4993,1
IMG_4994,1
IMG_4995,1
IMG_4996,1
IMG_4997,1
IMG_4998,1
IMG_4999,1
IMG_5001,1
IMG_5002,1
IMG_5003,1
IMG_5004,1
IMG_5005,1
IMG_5006,0
IMG_5007,1
IMG_5008,1
IMG_5009,1
IMG_5010,1
IMG_5011,1
IMG_5012,1
IMG_5013,1
IMG_5014,1
IMG_5015,1
IMG_5016,1
IMG_5017,1
IMG_5018,1
IMG_5019,1
IMG_5020,1
IMG_5021,1
IMG_5022,1
IMG_5023,1
IMG_5024,1
IMG_5025,0
IMG_5026,1
IMG_5027,1
IMG_5028,1
IMG_5029,1
IMG_5030,0
IMG_5031,1
IMG_5032,1
IMG_5033,1
IMG_5034,1
IMG_5035,1
IMG_5036,0
IMG_5037,1
IMG_5038,1
IMG_5039,1
IMG_5040,1
IMG_5041,1
IMG_5042,1
IMG_5043,1
IMG_5044,1
IMG_5045,1
IMG_5046,1
IMG_5047,1
IMG_5048,1
IMG_5049,1
IMG_5050,1
IMG_5051,1
IMG_5052,0
IMG_5053,1
IMG_5054,1
IMG_5055,1
IMG_5056,1
IMG_5057,0
IMG_5058,1
IMG_5059,1
IMG_5060,1
IMG_5061,1
IMG_5062,0
IMG_5063,1
IMG_5064,1
IMG_5065,1
IMG_5066,1
IMG_5067,1
IMG_5068,1
IMG_5069,1
IMG_5070,1
IMG_5071,1
IMG_5072,1
IMG_5073,0
IMG_5074,1
IMG_5075,1
IMG_5076,1
IMG_5077,1
IMG_5078,1
IMG_5079,1
IMG_5080,1
IMG_5081,1
IMG_5082,1
IMG_5083,1
IMG_5084,1
IMG_5085,1
IMG_5086,1
IMG_5087,1
IMG_5088,1
IMG_5089,1
IMG_5090,1
IMG_5091,1
IMG_5092,1
IMG_5093,1
IMG_5094,0
IMG_5095,0
IMG_5096,0
IMG_5097,1
IMG_5098,1
IMG_5099,1
IMG_5100,1
IMG_5101,1
IMG_5102,1
IMG_5103,1
IMG_5104,1
IMG_5105,1
IMG_5106,1
IMG_5108,1
IMG_5109,1
IMG_5110,1
IMG_5111,0
IMG_5112,0
IMG_5113,0
IMG_5114,1
IMG_5115,1
IMG_5116,1
IMG_5117,1
IMG_5118,0
IMG_5119,1
IMG_5120,0
IMG_5121,1
IMG_5122,1
IMG_5123,1
IMG_5124,1
IMG_5125,1
IMG_5126,1
IMG_5127,1
IMG_5128,1
IMG_5129,1
IMG_5130,1
IMG_5131,1
IMG_5132,1
IMG_5133,1
IMG_5134,1
IMG_5135,0
IMG_5136,0
IMG_5137,1
IMG_5138,1
IMG_5139,1
IMG_5140,1
IMG_5141,1
IMG_5142,1
IMG_5143,1
IMG_5144,0
IMG_5145,0
IMG_5146,1
IMG_5147,1
IMG_5148,1
IMG_5149,1
IMG_5150,1
IMG_5151,1
IMG_5152,1
IMG_5153,1
IMG_5154,0
IMG_5155,1
IMG_5156,1
IMG_5157,1
IMG_5158,1
IMG_5159,1
IMG_5160,1
IMG_5161,1
IMG_5162,1
IMG_5163,1
IMG_5164,1
IMG_5165,1
IMG_5166,1
IMG_5167,1
IMG_5168,1
IMG_5169,1
IMG_5170,1
IMG_5171,1
IMG_5172,1
IMG_5173,1
IMG_5174,1
IMG_5175,1
IMG_5176,0
IMG_5177,1
IMG_5178,1
IMG_5179,1
IMG_5180,1
IMG_5181,1
IMG_5182,0
IMG_5183,0
IMG_5184,1
IMG_5185,1
IMG_5186,1
IMG_5187,1
IMG_5188,1
IMG_5189,1
IMG_5190,0
IMG_5191,1
IMG_5192,1
IMG_5193,1
IMG_5194,1
IMG_5195,1
IMG_5196,1
IMG_5197,1
IMG_5198,1
IMG_5199,1
IMG_5200,1
IMG_5201,1
IMG_5202,1
IMG_5203,1
IMG_5204,1
IMG_5205,1
IMG_5206,1
IMG_5207,0
IMG_5208,1
IMG_5209,1
IMG_5210,1
IMG_5211,1
IMG_5212,1
IMG_5213,1
IMG_5214,1
IMG_5215,1
IMG_5216,1
IMG_5217,1
IMG_5218,1
IMG_5219,1
IMG_5220,1
IMG_5221,1
IMG_5222,1
IMG_5223,1
IMG_5224,1
IMG_5225,1
IMG_5226,0
IMG_5227,1
IMG_5228,1
IMG_5229,1
IMG_5230,0
IMG_5231,1
IMG_5232,1
IMG_5233,1
IMG_5234,1
IMG_5235,1
IMG_5236,1
IMG_5237,1
IMG_5238,1
IMG_5239,1
IMG_5240,1
IMG_5241,1
IMG_5242,1
IMG_5243,1
IMG_5244,1
IMG_5245,0
IMG_5246,1
IMG_5247,1
IMG_5248,1
IMG_5249,1
IMG_5250,1
IMG_5251,1
IMG_5252,1
IMG_5253,1
IMG_5254,1
IMG_5255,1
IMG_5256,1
IMG_5257,1
IMG_5258,1
IMG_5259,1
IMG_5260,1
IMG_5261,1
IMG_5262,0
IMG_5263,0
IMG_5264,1
IMG_5265,1
IMG_5266,1
IMG_5267,1
IMG_5268,1
IMG_5269,1
IMG_5270,1
IMG_5271,0
IMG_5272,1
IMG_5273,0
IMG_5274,1
IMG_5275,1
IMG_5276,1
IMG_5277,1
IMG_5278,1
IMG_5279,1
IMG_5280,1
IMG_5281,1
IMG_5282,1
IMG_5283,1
IMG_5284,1
IMG_5285,0
IMG_5286,0
IMG_5287,1
IMG_5288,0
IMG_5289,1
IMG_5290,1
IMG_5291,1
IMG_5292,1
IMG_5293,1
IMG_5294,1
IMG_5295,1
IMG_5296,1
IMG_5297,1
IMG_5298,1
IMG_5299,1
IMG_5300,1
IMG_5301,1
IMG_5302,1
IMG_5303,1
IMG_5304,1
IMG_5305,1
IMG_5306,1
IMG_5307,1
IMG_5308,1
IMG_5309,1
IMG_5310,1
IMG_5311,1
IMG_5312,1
IMG_5313,1
IMG_5314,1
IMG_5315,1
IMG_5316,1
IMG_5317,1
IMG_5318,0
IMG_5319,1
IMG_5320,0
IMG_5321,1
IMG_5322,1
IMG_5323,1
IMG_5324,1
IMG_5325,1
IMG_5326,1
IMG_5327,1
IMG_5328,1
IMG_5329,1
IMG_5330,1
IMG_5331,1
IMG_5332,0
IMG_5333,1
IMG_5334,1
IMG_5335,1
IMG_5336,1
IMG_5337,1
IMG_5338,1
IMG_5339,1
IMG_5340,1
IMG_5341,1
IMG_5342,1
IMG_5343,0
IMG_5344,1
IMG_5345,0
IMG_5346,1
IMG_5347,1
IMG_5348,1
IMG_5349,1
IMG_5350,1
IMG_5351,1
IMG_5352,1
IMG_5353,1
IMG_5354,1
IMG_5355,1
IMG_5356,1
IMG_5357,1
IMG_5358,1
IMG_5359,1
IMG_5360,1
IMG_5361,1
IMG_5362,1
IMG_5363,1
IMG_5364,1
IMG_5365,1
IMG_5366,1
IMG_5367,1
IMG_5368,1
IMG_5369,1
IMG_5370,1
IMG_5371,1
IMG_5372,1
IMG_5373,1
IMG_5374,0
IMG_5375,1
IMG_5376,1
IMG_5377,1
IMG_5378,1
IMG_5379,1
IMG_5380,1
IMG_5381,1
IMG_5382,1
IMG_5383,1
IMG_5384,1
IMG_5385,0
IMG_5386,1
IMG_5387,1
IMG_5388,1
IMG_5389,1
IMG_5390,1
IMG_5391,0
IMG_5392,1
IMG_5393,1
IMG_5394,1
IMG_5395,1
IMG_5396,1
IMG_5397,1
IMG_5398,1
IMG_5399,1
IMG_5400,1
IMG_5401,1
IMG_5402,1
IMG_5403,1
IMG_5404,1
IMG_5405,1
IMG_5406,0
IMG_5407,1
IMG_5408,1
IMG_5409,1
IMG_5410,1
IMG_5411,1
IMG_5412,1
IMG_5413,1
IMG_5414,1
IMG_5415,1
IMG_5416,1
IMG_5417,1
IMG_5418,1
IMG_5419,0
IMG_5420,0
IMG_5421,0
IMG_5422,1
IMG_5423,1
IMG_5424,1
IMG_5425,1
IMG_5426,1
IMG_5427,1
IMG_5428,1
IMG_5429,1
IMG_5430,1
IMG_5431,1
IMG_5432,1
IMG_5433,1
IMG_5434,1
IMG_5435,0
IMG_5436,1
IMG_5437,1
IMG_5438,1
IMG_5439,1
IMG_5440,1
IMG_5441,1
IMG_5442,1
IMG_5443,1
IMG_5444,0
IMG_5445,0
IMG_5446,1
IMG_5447,1
IMG_5448,1
IMG_5449,1
IMG_5450,0
IMG_5451,1
IMG_5452,1
IMG_5458,1
IMG_5459,0
IMG_5460,0
IMG_5461,0
IMG_5462,0
IMG_5463,1
IMG_5464,1
IMG_5465,0
IMG_5466,1
IMG_5467,1
IMG_5468,1
IMG_5469,1
IMG_5470,1
IMG_5471,0
IMG_5472,1
IMG_5473,1
IMG_5474,1
IMG_5475,1
IMG_5476,0
IMG_5477,1
IMG_5478,1
IMG_5479,1
IMG_5480,1
IMG_5481,1
IMG_5482,1
IMG_5483,1
IMG_5484,1
IMG_5485,1
IMG_5486,1
IMG_5487,1
IMG_5488,0
IMG_5489,1
IMG_5490,1
IMG_5491,1
IMG_5492,1
IMG_5493,1
IMG_5494,1
IMG_5495,1
IMG_5496,1
IMG_5497,1
IMG_5498,1
IMG_5499,1
IMG_5500,1
IMG_5501,1
IMG_5502,1
IMG_5503,1
IMG_5504,1
IMG_5505,1
IMG_5506,1
IMG_5507,1
IMG_5508,1
IMG_5509,1
IMG_5510,1
IMG_5511,1
IMG_5512,1
IMG_5513,1
IMG_5514,1
IMG_5515,1
IMG_5516,1
IMG_5517,0
IMG_5518,1
IMG_5519,1
IMG_5520,1
IMG_5521,1
IMG_5522,1
IMG_5523,1
IMG_5524,1
IMG_5525,1
IMG_5526,1
IMG_5527,1
IMG_5528,1
IMG_5529,1
IMG_5530,1
IMG_5531,1
IMG_5532,1
IMG_5533,1
IMG_5534,1
IMG_5535,1
IMG_5536,1
IMG_5537,1
IMG_5538,1
IMG_5539,1
IMG_5540,1
IMG_5541,1
IMG_5542,1
IMG_5543,1
IMG_5544,1
IMG_5545,1
IMG_5546,1
IMG_5547,1
IMG_5548,0
IMG_5549,1
IMG_5550,1
IMG_5551,1
IMG_5552,1
IMG_5553,1
IMG_5554,1
IMG_5555,1
IMG_5556,1
IMG_5557,1
IMG_5558,1
IMG_5559,1
IMG_5560,1
IMG_5561,1
IMG_5562,1
IMG_5563,1
IMG_5564,1
IMG_5565,1
IMG_5566,1
IMG_5567,1
IMG_5568,1
IMG_5569,1
IMG_5570,1
IMG_5571,0
IMG_5572,1
IMG_5573,1
IMG_5574,1
IMG_5575,1
IMG_5576,0
IMG_5577,1
IMG_5578,1
IMG_5579,1
IMG_5580,0
IMG_5581,1
IMG_5582,1
IMG_5583,1
IMG_5584,1
IMG_5585,1
IMG_5586,1
IMG_5587,1
IMG_5588,1
IMG_5589,1
IMG_5590,1
IMG_5591,1
IMG_5592,1
IMG_5593,1
IMG_5594,1
IMG_5595,1
IMG_5596,1
IMG_5597,1
IMG_5598,1
IMG_5599,1
IMG_5600,1
IMG_5601,1
IMG_5602,1
IMG_5603,1
IMG_5604,1
IMG_5605,1
IMG_5606,1
IMG_5607,1
IMG_5608,1
IMG_5609,1
IMG_5610,1
IMG_5611,1
IMG_5612,1
IMG_5613,1
IMG_5614,1
IMG_5615,1
IMG_5616,1
IMG_5617,1
IMG_5618,1
IMG_5619,1
IMG_5620,1
IMG_5621,1
IMG_5622,1
IMG_5623,1
IMG_5624,1
IMG_5625,1
IMG_5626,0
IMG_5627,1
IMG_5628,1
IMG_5629,1
IMG_5630,1
IMG_5631,1
IMG_5632,1
IMG_5633,1
IMG_5634,1
IMG_5635,0
IMG_5636,1
IMG_5637,1
IMG_5638,0
IMG_5639,1
IMG_5640,1
IMG_5641,1
IMG_5642,1
IMG_5643,1
IMG_5644,1
IMG_5645,1
IMG_5646,1
IMG_5647,1
IMG_5648,0
IMG_5649,1
IMG_5650,1
IMG_5651,1
IMG_5652,1
IMG_5653,1
IMG_5654,1
IMG_5655,1
IMG_5656,1
IMG_5657,1
IMG_5658,1
IMG_5659,1
IMG_5660,1
IMG_5661,1
IMG_5662,1
IMG_5663,1
IMG_5664,1
IMG_5665,1
IMG_5666,1
IMG_5667,1
IMG_5668,1
IMG_5669,1
IMG_5670,1
IMG_5671,1
IMG_5672,1
IMG_5673,1
IMG_5674,1
IMG_5675,1
IMG_5676,1
IMG_5677,1
IMG_5678,1
IMG_5679,1
IMG_5680,1
IMG_5681,1
IMG_5682,1
IMG_5683,1
IMG_5684,0
IMG_5685,1
IMG_5686,1
IMG_5687,1
IMG_5688,1
IMG_5689,1
IMG_5690,1
IMG_5691,1
IMG_5692,1
IMG_5693,1
IMG_5694,1
IMG_5695,1
IMG_5696,1
IMG_5697,1
IMG_5698,0
IMG_5699,1
IMG_5700,1
IMG_5701,1
IMG_5702,1
IMG_5703,1
IMG_5704,1
IMG_5705,1
IMG_5706,0
IMG_5707,1
IMG_5708,1
IMG_5709,1
IMG_5710,1
IMG_5711,1
IMG_5712,1
IMG_5713,1
IMG_5714,0
IMG_5715,1
IMG_5716,1
IMG_5717,1
IMG_5718,1
IMG_5719,1
IMG_5720,1
IMG_5721,1
IMG_5722,1
IMG_5723,1
IMG_5724,1
IMG_5725,1
IMG_5726,1
IMG_5727,0
IMG_5728,1
IMG_5729,1
IMG_5730,1
IMG_5731,1
IMG_5732,1
IMG_5733,1
IMG_5734,1
IMG_5735,1
IMG_5736,1
IMG_5737,1
IMG_5738,1
IMG_5739,1
IMG_5740,1
IMG_5741,1
IMG_5742,1
IMG_5743,1
IMG_5744,1
IMG_5745,1
IMG_5746,1
IMG_5747,1
IMG_5748,0
IMG_5749,1
IMG_5750,1
IMG_5751,0
IMG_5752,1
IMG_5753,1
IMG_5754,1
IMG_5755,1
IMG_5756,1
IMG_5757,0
IMG_5758,1
IMG_5759,0
IMG_5760,1
IMG_5761,1
IMG_5762,1
IMG_5763,1
IMG_5764,0
IMG_5765,1
IMG_5766,1
IMG_5767,1
IMG_5768,1
IMG_5769,1
IMG_5770,1
IMG_5771,1
IMG_5772,1
IMG_5773,1
IMG_5774,1
IMG_5775,1
IMG_5776,1
IMG_5777,1
IMG_5778,1
IMG_5779,1
IMG_5780,1
IMG_5781,1
IMG_5782,1
IMG_5783,1
IMG_5784,1
IMG_5785,0
IMG_5786,0
IMG_5787,0
IMG_5788,1
IMG_5789,1
IMG_5790,1
IMG_5791,1
IMG_5792,1
IMG_5793,1
IMG_5794,1
IMG_5795,0
IMG_5796,1
IMG_5797,1
IMG_5798,1
IMG_5799,1
IMG_5800,1
IMG_5801,1
IMG_5802,1
IMG_5803,1
IMG_5804,1
IMG_5805,1
IMG_5806,1
IMG_5807,1
IMG_5808,1
IMG_5809,1
IMG_5810,1
IMG_5811,1
IMG_5812,0
IMG_5813,1
IMG_5814,1
IMG_5815,1
IMG_5816,0
IMG_5817,1
IMG_5818,1
IMG_5819,1
IMG_5820,1
IMG_5821,1
IMG_5822,1
IMG_5823,1
IMG_5824,1
IMG_5825,1
IMG_5826,1
IMG_5827,1
IMG_5828,1
IMG_5829,1
IMG_5830,0
IMG_5831,1
IMG_5832,1
IMG_5833,1
IMG_5834,1
IMG_5835,0
IMG_5836,1
IMG_5837,0
IMG_5838,1
IMG_5839,1
IMG_5840,1
IMG_5841,1
IMG_5842,1
IMG_5843,1
IMG_5844,1
IMG_5845,1
IMG_5846,1
IMG_5847,1
IMG_5848,1
IMG_5849,0
IMG_5850,1
IMG_5851,1
IMG_5852,1
IMG_5853,1
IMG_5854,1
IMG_5855,1
IMG_5856,1
IMG_5857,1
IMG_5858,1
IMG_5859,1
IMG_5860,1
IMG_5861,1
IMG_5862,1
IMG_5863,1
IMG_5864,1
IMG_5865,1
IMG_5866,1
IMG_5867,1
IMG_5868,1
IMG_5869,1
IMG_5870,1
IMG_5871,1
IMG_5872,1
IMG_5873,1
IMG_5874,1
IMG_5875,0
IMG_5876,1
IMG_5877,1
IMG_5878,1
IMG_5879,1
IMG_5880,1
IMG_5881,1
IMG_5882,1
IMG_5883,0
IMG_5884,1
IMG_5885,1
IMG_5886,1
IMG_5887,1
IMG_5888,1
IMG_5889,1
IMG_5890,1
IMG_5891,1
IMG_5892,1
IMG_5894,1
IMG_5895,1
IMG_5896,1
IMG_5897,0
IMG_5898,1
IMG_5899,1
IMG_5900,1
IMG_5901,1
IMG_5902,1
IMG_5903,1
IMG_5904,1
IMG_5905,1
IMG_5906,1
IMG_5907,1
IMG_5908,1
IMG_5909,1
IMG_5910,1
IMG_5911,1
IMG_5912,1
IMG_5913,1
IMG_5914,1
IMG_5915,1
IMG_5916,1
IMG_5917,0
IMG_5918,1
IMG_5919,1
IMG_5920,1
IMG_5921,1
IMG_5922,1
IMG_5923,1
IMG_5924,1
IMG_5925,1
IMG_5926,1
IMG_5927,1
IMG_5928,1
IMG_5929,1
IMG_5930,1
IMG_5931,1
IMG_5932,1
IMG_5933,1
IMG_5934,1
IMG_5935,1
IMG_5936,1
IMG_5937,1
IMG_5938,1
IMG_5939,1
IMG_5940,1
IMG_5941,1
IMG_5942,1
IMG_5943,1
IMG_5944,1
IMG_5945,0
IMG_5946,1
IMG_5947,1
IMG_5948,1
IMG_5949,1
IMG_5950,1
IMG_5951,1
IMG_5952,1
IMG_5953,1
IMG_5954,1
IMG_5955,1
IMG_5956,1
IMG_5957,1
IMG_5958,1
IMG_5959,1
IMG_5960,1
IMG_5961,1
IMG_5962,1
IMG_5963,1
IMG_5964,1
IMG_5965,0
IMG_5966,1
IMG_5967,1
IMG_5968,1
IMG_5969,1
IMG_5970,1
IMG_5971,1
IMG_5972,1
IMG_5973,1
IMG_5974,1
IMG_5975,1
IMG_5976,1
IMG_5977,1
IMG_5978,1
IMG_5979,1
IMG_5980,1
IMG_5981,1
IMG_5982,1
IMG_5983,1
IMG_5984,0
IMG_5985,1
IMG_5986,1
IMG_5987,0
IMG_5988,0
IMG_5989,0
IMG_5990,0
IMG_5991,1
IMG_5992,1
IMG_5997,0
IMG_5998,0
IMG_5999,0
IMG_6000,0
IMG_6001,0
IMG_6002,0
IMG_6003,0
IMG_6004,0
IMG_6005,0
IMG_6006,0
IMG_6007,0
IMG_6008,0
IMG_6009,0
IMG_6010,0
IMG_6011,0
IMG_6012,0
IMG_6013,0
IMG_6014,0
IMG_6015,0
IMG_6016,0
IMG_6017,0
IMG_6018,0
IMG_6019,0
IMG_6020,0
IMG_6021,0
IMG_6022,0
IMG_6023,0
IMG_6024,0
IMG_6025,0
IMG_6026,0
IMG_6027,0
IMG_6028,0
IMG_6030,0
IMG_6031,0
IMG_6032,0
IMG_6033,0
IMG_6034,0
IMG_6035,0
IMG_6036,0
IMG_6037,0
IMG_6038,0
IMG_6039,0
IMG_6040,0
IMG_6041,0
IMG_6042,0
IMG_6043,0
IMG_6044,0
IMG_6048,1
IMG_6050,1
IMG_6051,1
IMG_6052,0
IMG_6053,1
IMG_6054,0
IMG_6055,0
IMG_6057,0
IMG_6058,0
IMG_6059,0
IMG_6060,0
IMG_6061,0
IMG_6062,1
IMG_6063,1
IMG_6064,1
IMG_6065,0
IMG_6066,0
IMG_6067,1
IMG_6069,0
IMG_6070,0
IMG_6071,1
IMG_6072,0
IMG_6073,0
IMG_6074,1
IMG_6076,1
IMG_6077,0
IMG_6078,1
IMG_6079,1
IMG_6080,1
IMG_6081,1
IMG_6082,0
IMG_6083,0
IMG_6084,1
IMG_6085,1
IMG_6086,0
IMG_6088,0
IMG_6089,0
IMG_6090,0
IMG_6091,0
IMG_6092,0
IMG_6093,0
IMG_6094,0
IMG_6096,1
IMG_6097,0
IMG_6098,0
IMG_6100,1
IMG_6102,0
IMG_6105,0
IMG_6106,0
IMG_6107,0
IMG_6108,0
IMG_6109,0
IMG_6110,0
IMG_6111,0
IMG_6112,0
IMG_6113,0
IMG_6114,0
IMG_6115,0
IMG_6116,1
IMG_6117,0
IMG_6118,0
IMG_6119,0
IMG_6120,0
IMG_6121,1
IMG_6122,0
IMG_6123,0
IMG_6124,0
IMG_6125,0
IMG_6126,0
IMG_6127,0
IMG_6128,0
IMG_6129,0
IMG_6130,1
IMG_6131,0
IMG_6157,0
IMG_6158,0
IMG_6165,0
IMG_6166,0
IMG_6167,0
IMG_6168,0
IMG_6169,0
IMG_6170,0
IMG_6171,0
IMG_6172,0
IMG_6173,0
IMG_6174,0
IMG_6175,0
IMG_6176,0
IMG_6177,0
IMG_6178,0
IMG_6179,0
IMG_6180,0
IMG_6181,0
IMG_6182,0
IMG_6183,0
IMG_6184,0
IMG_6185,0
IMG_6186,0
IMG_6187,0
IMG_6188,0
IMG_6189,0
IMG_6190,0
IMG_6191,0
IMG_6192,0
IMG_6193,0
IMG_6194,0
IMG_6195,0
IMG_6196,0
IMG_6197,0
IMG_6198,0
IMG_6199,0
IMG_6200,0
IMG_6201,0
IMG_6202,0
IMG_6203,0
IMG_6204,0
IMG_6205,0
IMG_6206,0
IMG_6207,0
IMG_6208,0
IMG_6209,0
IMG_6210,0
IMG_6211,0
IMG_6212,0
IMG_6213,0
IMG_6214,0
IMG_6215,0
IMG_6216,0
IMG_6217,0
IMG_6218,0
IMG_6219,0
IMG_6220,0
IMG_6221,0
IMG_6222,0
IMG_6223,0
IMG_6224,0
IMG_6225,0
IMG_6226,0
IMG_6227,0
IMG_6228,0
IMG_6229,0
IMG_6230,0
IMG_6231,0
IMG_6232,0
IMG_6233,0
IMG_6234,0
IMG_6235,0
IMG_6236,0
IMG_6237,0
IMG_6238,0
IMG_6239,0
IMG_6240,0
IMG_6241,0
IMG_6242,0
IMG_6243,0
IMG_6244,0
IMG_6245,0
IMG_6246,0
IMG_6247,0
IMG_6248,0
IMG_6249,0
IMG_6250,0
IMG_6251,0
IMG_6252,0
IMG_6253,0
IMG_6254,0
IMG_6255,0
IMG_6256,0
IMG_6257,0
IMG_6258,0
IMG_6259,0
IMG_6260,0
IMG_6261,0
IMG_6262,0
IMG_6263,0
IMG_6264,0
IMG_6265,0
IMG_6266,0
IMG_6267,0
IMG_6268,0
IMG_6269,0
IMG_6270,0
IMG_6271,0
IMG_6272,0
IMG_6273,0
IMG_6274,0
IMG_6275,0
IMG_6276,0
IMG_6277,0
IMG_6278,0
IMG_6279,0
IMG_6280,0
IMG_6281,0
IMG_6282,0
IMG_6283,0
IMG_6284,0
IMG_6285,0
IMG_6286,0
IMG_6287,0
IMG_6288,0
IMG_6289,0
IMG_6290,0
IMG_6291,0
IMG_6292,0
IMG_6293,0
IMG_6294,0
IMG_6295,0
IMG_6296,0
IMG_6297,0
IMG_6298,0
IMG_6299,0
IMG_6300,0
IMG_6301,0
IMG_6302,0
IMG_6303,0
IMG_6304,0
IMG_6305,0
IMG_6306,0
IMG_6307,0
IMG_6308,0
IMG_6309,0
IMG_6310,0
IMG_6311,0
IMG_6312,0
IMG_6313,0
IMG_6314,0
IMG_6315,0
IMG_6316,0
IMG_6317,0
IMG_6318,0
IMG_6319,0
IMG_6320,0
IMG_6321,0
IMG_6322,0
IMG_6323,0
IMG_6324,0
IMG_6325,0
IMG_6326,0
IMG_6327,0
IMG_6328,0
IMG_6329,0
IMG_6330,0
IMG_6331,0
IMG_6332,0
IMG_6333,0
IMG_6334,0
IMG_6335,0
IMG_6336,0
IMG_6337,0
IMG_6338,0
IMG_6339,0
IMG_6340,0
IMG_6341,0
IMG_6342,0
IMG_6343,0
IMG_6344,0
IMG_6345,0
IMG_6346,0
IMG_6347,0
IMG_6348,0
IMG_6349,0
IMG_6350,0
IMG_6351,0
IMG_6352,0
IMG_6353,0
IMG_6354,0
IMG_6355,0
IMG_6356,0
IMG_6357,0
IMG_6358,0
IMG_6359,0
IMG_6360,0
IMG_6361,0
IMG_6362,0
IMG_6363,0
IMG_6364,0
IMG_6365,0
IMG_6366,0
IMG_6367,0
IMG_6368,0
IMG_6369,0
IMG_6370,0
IMG_6371,0
IMG_6372,0
IMG_6373,0
IMG_6374,0
IMG_6375,0
IMG_6376,0
IMG_6377,0
IMG_6378,0
IMG_6379,0
IMG_6380,0
IMG_6381,0
IMG_6382,0
IMG_6383,0
IMG_6384,0
IMG_6385,0
IMG_6386,0
IMG_6387,0
IMG_6388,0
IMG_6389,0
IMG_6390,0
IMG_6391,0
IMG_6392,0
IMG_6393,0
IMG_6394,0
IMG_6395,0
IMG_6396,0
IMG_6397,0
IMG_6398,0
IMG_6399,0
IMG_6400,0
IMG_6401,0
IMG_6402,0
IMG_6403,0
IMG_6404,0
IMG_6405,0
IMG_6406,0
IMG_6407,0
IMG_6408,0
IMG_6409,0
IMG_6410,0
IMG_6411,0
IMG_6412,0
IMG_6413,0
IMG_6414,0
IMG_6415,0
IMG_6416,0
IMG_6417,0
IMG_6418,0
IMG_6419,0
IMG_6420,0
IMG_6421,0
IMG_6422,0
IMG_6423,0
IMG_6424,0
IMG_6425,0
IMG_6426,0
IMG_6427,0
IMG_6428,0
IMG_6429,0
IMG_6430,0
IMG_6431,0
IMG_6432,0
IMG_6433,0
IMG_6434,0
IMG_6435,0
IMG_6436,0
IMG_6437,0
IMG_6438,0
IMG_6439,0
IMG_6440,0
IMG_6441,0
IMG_6442,0
IMG_6443,0
IMG_6444,0
IMG_6445,0
IMG_6446,0
IMG_6447,0
IMG_6448,0
IMG_6449,0
IMG_6450,0
IMG_6451,0
IMG_6452,0
IMG_6453,0
IMG_6454,0
IMG_6455,0
IMG_6456,0
IMG_6457,0
IMG_6458,0
IMG_6459,0
IMG_6460,0
IMG_6461,0
IMG_6462,0
IMG_6463,0
IMG_6464,0
IMG_6465,0
IMG_6466,0
IMG_6467,0
IMG_6468,0
IMG_6469,0
IMG_6470,0
IMG_6471,0
IMG_6472,0
IMG_6473,0
IMG_6474,0
IMG_6475,0
IMG_6476,0
IMG_6477,0
IMG_6478,0
IMG_6479,0
IMG_6480,0
IMG_6481,0
IMG_6482,0
IMG_6483,0
IMG_6484,0
IMG_6485,0
IMG_6486,0
IMG_6487,0
IMG_6488,0
IMG_6489,0
IMG_6490,0
IMG_6491,0
IMG_6492,0
IMG_6493,0
IMG_6494,0
IMG_6495,0
IMG_6496,0
IMG_6497,0
IMG_6498,0
IMG_6499,0
IMG_6500,0
IMG_6501,0
IMG_6502,0
IMG_6503,0
IMG_6504,0
IMG_6505,0
IMG_6506,0
IMG_6507,0
IMG_6508,0
IMG_6509,0
IMG_6510,0
IMG_6511,0
IMG_6512,0
IMG_6513,0
IMG_6514,0
IMG_6515,0
IMG_6516,0
IMG_6517,0
IMG_6518,0
IMG_6519,0
IMG_6520,0
IMG_6521,0
IMG_6522,0
IMG_6523,0
IMG_6524,0
IMG_6525,0
IMG_6526,0
IMG_6527,0
IMG_6528,0
IMG_6529,0
IMG_6530,0
IMG_6531,0
IMG_6532,0
IMG_6533,0
IMG_6538,0
IMG_6539,0
IMG_6540,0
IMG_6541,0
IMG_6542,0
IMG_6543,0
IMG_6544,0
IMG_6545,0
IMG_6546,0
IMG_6547,0
IMG_6548,0
IMG_6549,0
IMG_6550,0
IMG_6551,0
IMG_6552,0
IMG_6553,0
IMG_6554,0
IMG_6555,0
IMG_6556,0
IMG_6557,0
IMG_6558,0
IMG_6559,0
IMG_6560,0
IMG_6561,0
IMG_6562,0
IMG_6563,0
IMG_6564,0
IMG_6565,0
IMG_6566,0
IMG_6567,0
IMG_6568,0
IMG_6569,0
IMG_6570,0
IMG_6571,0
IMG_6572,0
IMG_6573,0
IMG_6574,0
IMG_6575,0
IMG_6576,0
IMG_6577,0
IMG_6578,0
IMG_6579,0
IMG_6580,0
IMG_6581,0
IMG_6582,0
IMG_6583,0
IMG_6584,0
IMG_6585,0
IMG_6586,0
IMG_6587,0
IMG_6588,0
IMG_6589,0
IMG_6590,0
IMG_6591,0
IMG_6592,0
IMG_6593,0
IMG_6594,0
IMG_6595,0
IMG_6596,0
IMG_6597,0
IMG_6598,0
IMG_6599,0
IMG_6600,0
IMG_6601,0
IMG_6602,0
IMG_6603,0
IMG_6604,0
IMG_6605,0
IMG_6606,0
IMG_6607,0
IMG_6608,0
IMG_6609,0
IMG_6610,0
IMG_6611,0
IMG_6612,0
IMG_6613,0
IMG_6614,0
IMG_6615,0
IMG_6616,0
IMG_6617,0
IMG_6618,0
IMG_6619,0
IMG_6620,0
IMG_6621,0
IMG_6622,0
IMG_6623,0
IMG_6624,0
IMG_6625,0
IMG_6626,0
IMG_6627,0
IMG_6628,0
IMG_6629,0
IMG_6630,0
IMG_6631,0
IMG_6632,0
IMG_6633,0
IMG_6634,0
IMG_6635,0
IMG_6636,0
IMG_6637,0
IMG_6638,0
IMG_6639,0
IMG_6640,0
IMG_6641,0
IMG_6642,0
IMG_6643,0
IMG_6644,0
IMG_6645,0
IMG_6646,0
IMG_6647,0
IMG_6648,0
IMG_6649,0
IMG_6650,0
IMG_6651,0
IMG_6652,0
IMG_6653,0
IMG_6654,0
IMG_6655,0
IMG_6656,0
IMG_6657,0
IMG_6658,0
IMG_6659,0
IMG_6660,0
IMG_6661,0
IMG_6662,0
IMG_6663,0
IMG_6664,0
IMG_6665,0
IMG_6666,0
IMG_6667,0
IMG_6668,0
IMG_6669,0
IMG_6670,0
IMG_6671,0
IMG_6672,0
IMG_6673,0
IMG_6674,0
IMG_6675,0
IMG_6676,0
IMG_6677,0
IMG_6678,0
IMG_6679,0
IMG_6680,0
IMG_6681,0
IMG_6682,0
IMG_6683,0
IMG_6684,0
IMG_6685,0
IMG_6686,0
IMG_6687,0
IMG_6688,0
IMG_6689,0
IMG_6690,0
IMG_6691,0
IMG_6692,0
IMG_6693,0
IMG_6694,0
IMG_6695,0
IMG_6696,0
IMG_6697,0
IMG_6698,0
IMG_6699,0
IMG_6700,0
IMG_6701,0
IMG_6702,0
IMG_6703,0
IMG_6704,0
IMG_6705,0
IMG_6706,0
IMG_6707,0
IMG_6708,0
IMG_6709,0
IMG_6710,0
IMG_6711,0
IMG_6712,0
IMG_6713,0
IMG_6714,0
IMG_6715,0
IMG_6716,0
IMG_6717,0
IMG_6718,0
IMG_6719,0
IMG_6720,0
IMG_6721,0
IMG_6722,0
IMG_6723,0
IMG_6724,0
IMG_6725,0
IMG_6726,0
IMG_6727,0
IMG_6728,0
IMG_6729,0
IMG_6730,0
IMG_6731,0
IMG_6732,0
IMG_6733,0
IMG_6734,0
IMG_6735,0
IMG_6736,0
IMG_6737,0
IMG_6799,0
IMG_6800,0
IMG_6801,0
IMG_6802,0
IMG_6803,0
IMG_6804,0
IMG_6805,0
IMG_6806,0
IMG_6807,0
IMG_6808,0
IMG_6809,0
IMG_6810,0
IMG_6811,0
IMG_6812,0
IMG_6813,0
IMG_6814,0
IMG_6815,0
IMG_6816,0
IMG_6817,0
IMG_6818,0
IMG_6819,0
IMG_6820,0
IMG_6821,0
IMG_6822,0
IMG_6823,0
IMG_6824,0
IMG_6825,0
IMG_6826,0
IMG_6827,0
IMG_6828,0
IMG_6829,0
IMG_6830,0
IMG_6831,0
IMG_6832,0
IMG_6833,0
IMG_6834,0
IMG_6835,0
IMG_6836,0
IMG_6837,0
IMG_6838,0
IMG_6839,0
IMG_6840,0
IMG_6841,0
IMG_6842,0
IMG_6843,0
IMG_6844,0
IMG_6845,0
IMG_6846,0
IMG_6847,0
IMG_6848,0
IMG_6849,0
IMG_6850,0
IMG_6851,0
IMG_6852,0
IMG_6853,0
IMG_6854,0
IMG_6855,0
IMG_6856,0
IMG_6857,0
IMG_6858,0
IMG_6859,0
IMG_6860,0
IMG_6861,0
IMG_6862,0
IMG_6863,0
IMG_6864,0
IMG_6865,0
IMG_6866,0
IMG_6867,0
IMG_6868,0
IMG_6869,0
IMG_6870,0
IMG_6871,0
IMG_6872,0
IMG_6873,0
IMG_6874,0
IMG_6875,0
IMG_6876,0
IMG_6877,0
IMG_6878,0
IMG_6879,0
IMG_6880,0
IMG_6881,0
IMG_6882,0
IMG_6883,0
IMG_6884,0
IMG_6885,0
IMG_6886,0
IMG_6887,0
IMG_6888,0
IMG_6889,0
IMG_6890,0
IMG_6891,0
IMG_6892,0
IMG_6893,0
IMG_6894,0
IMG_6895,0
IMG_6896,0
IMG_6897,0
IMG_6898,0
IMG_6899,0
IMG_6900,0
IMG_6901,0
IMG_6902,0
IMG_6903,0
IMG_6904,0
IMG_6905,0
IMG_6906,0
IMG_6907,0
IMG_6908,0
IMG_6909,0
IMG_6910,0
IMG_6911,0
IMG_6912,0
IMG_6913,0
IMG_6914,0
IMG_6915,0
IMG_6916,0
IMG_6917,0
IMG_6918,0
IMG_6919,0
IMG_6920,0
IMG_6921,0
IMG_6922,0
IMG_6923,0
IMG_6924,0
IMG_6925,0
IMG_6926,0
IMG_6927,0
IMG_6928,0
IMG_6929,0
IMG_6930,0
IMG_6931,0
IMG_6932,0
IMG_6933,0
IMG_6934,0
IMG_6935,0
IMG_6936,0
IMG_6937,0
IMG_6938,0
IMG_6939,0
IMG_6940,0
IMG_6941,0
IMG_6942,0
IMG_6943,0
IMG_6944,0
IMG_6945,0
IMG_6946,0
IMG_6947,0
IMG_6948,0
IMG_6949,0
IMG_6950,0
IMG_6951,0
IMG_6952,0
IMG_6953,0
IMG_6954,0
IMG_6955,0
IMG_6956,0
IMG_6957,0
IMG_6958,0
IMG_6959,0
IMG_6960,0
IMG_6961,0
IMG_6962,0
IMG_6963,0
IMG_6964,0
IMG_6965,0
IMG_6966,0
IMG_6967,0
IMG_6968,0
IMG_6969,0
IMG_6970,0
IMG_6971,0
IMG_6972,0
IMG_6973,0
IMG_6974,0
IMG_6975,0
IMG_6976,0
IMG_6977,0
IMG_6978,0
IMG_6979,0
IMG_6980,0
IMG_6981,0
IMG_6982,0
IMG_6983,0
IMG_6984,0
IMG_6985,0
IMG_6986,0
IMG_6987,0
IMG_6988,0
IMG_6989,0
IMG_6990,0
IMG_6991,0
IMG_6992,0
IMG_6993,0
IMG_6994,0
IMG_6995,0
IMG_6996,0
IMG_6997,0
IMG_6998,0
IMG_6999,0
IMG_7001,0
IMG_7002,0
IMG_7003,0
IMG_7004,0
IMG_7005,0
IMG_7006,0
IMG_7007,0
IMG_7008,0
IMG_7009,0
IMG_7010,0
IMG_7011,0
IMG_7012,0
IMG_7013,0
IMG_7014,0
IMG_7015,0
IMG_7016,0
IMG_7017,0
IMG_7018,0
IMG_7019,0
IMG_7020,0
IMG_7021,0
IMG_7022,0
IMG_7023,0
IMG_7024,0
IMG_7025,0
IMG_7026,0
IMG_7027,0
IMG_7028,0
IMG_7029,0
IMG_7030,0
IMG_7031,0
IMG_7032,0
IMG_7033,0
IMG_7034,0
IMG_7035,0
IMG_7036,0
IMG_7037,0
IMG_7038,0
IMG_7039,0
IMG_7040,0
IMG_7041,0
IMG_7042,0
IMG_7043,0
IMG_7044,0
IMG_7045,0
IMG_7046,0
IMG_7047,0
IMG_7048,0
IMG_7049,0
IMG_7050,0
IMG_7051,0
IMG_7052,0
IMG_7053,0
IMG_7054,0
IMG_7055,0
IMG_7056,0
IMG_7057,0
IMG_7058,0
IMG_7059,0
IMG_7060,0
IMG_7061,0
IMG_7062,0
IMG_7063,0
IMG_7064,0
IMG_7065,0
IMG_7066,0
IMG_7067,0
IMG_7068,0
IMG_7069,0
IMG_7070,0
IMG_7071,0
IMG_7072,0
IMG_7073,0
IMG_7074,0
IMG_7075,0
IMG_7076,0
IMG_7077,0
IMG_7078,0
IMG_7079,0
IMG_7080,0
IMG_7081,0
IMG_7082,0
IMG_7083,0
IMG_7084,0
IMG_7085,0
IMG_7086,0
IMG_7087,0
IMG_7088,0
IMG_7089,0
IMG_7090,0
IMG_7091,0
IMG_7092,0
IMG_7093,0
IMG_7094,0
IMG_7095,0
IMG_7096,0
IMG_7097,0
IMG_7098,0
IMG_7099,0
IMG_7100,0
IMG_7101,0
IMG_7102,0
IMG_7103,0
IMG_7104,0
IMG_7105,0
IMG_7106,0
IMG_7107,0
IMG_7108,0
IMG_7109,0
IMG_7110,0
IMG_7111,0
IMG_7112,0
IMG_7113,0
IMG_7114,0
IMG_7115,0
IMG_7116,0
IMG_7117,0
IMG_7118,0
IMG_7119,0
IMG_7120,0
IMG_7121,0
IMG_7122,0
IMG_7123,0
IMG_7124,0
IMG_7125,0
IMG_7126,0
IMG_7127,0
IMG_7128,0
IMG_7129,0
IMG_7130,0
IMG_7131,0
IMG_7132,0
IMG_7133,0
IMG_7134,0
IMG_7135,0
IMG_7136,0
IMG_7137,0
IMG_7138,0
IMG_7139,0
IMG_7140,0
IMG_7141,0
IMG_7142,0
IMG_7143,0
IMG_7144,0
IMG_7145,0
IMG_7146,0
IMG_7147,0
IMG_7148,0
IMG_7149,0
IMG_7150,0
IMG_7151,0
IMG_7152,0
IMG_7153,0
IMG_7154,0
IMG_7155,0
IMG_7156,0
IMG_7157,0
IMG_7158,0
IMG_7159,0
IMG_7160,0
IMG_7161,0
IMG_7162,0
IMG_7163,0
IMG_7164,0
IMG_7165,0
IMG_7166,0
IMG_7167,0
IMG_7168,0
IMG_7169,0
IMG_7170,0
IMG_7171,0
IMG_7172,0
IMG_7173,0
IMG_7174,0
IMG_7175,0
IMG_7176,0
IMG_7177,0
IMG_7178,0
IMG_7179,0
IMG_7180,0
IMG_7181,0
IMG_7182,0
IMG_7183,0
IMG_7184,0
IMG_7185,0
IMG_7186,0
IMG_7187,0
IMG_7188,0
IMG_7189,0
IMG_7190,0
IMG_7191,0
IMG_7192,0
IMG_7193,0
IMG_7194,0
IMG_7195,0
IMG_7196,0
IMG_7197,0
IMG_7198,0
IMG_7199,0
IMG_7200,0
IMG_7201,0
IMG_7202,0
IMG_7203,0
IMG_7204,0
IMG_7205,0
IMG_7206,0
IMG_7207,0
IMG_7208,0
IMG_7209,0
IMG_7210,0
IMG_7211,0
IMG_7212,0
IMG_7213,0
IMG_7214,0
IMG_7215,0
IMG_7216,0
IMG_7217,0
IMG_7218,0
IMG_7219,0
IMG_7220,0
IMG_7221,0
IMG_7222,0
IMG_7223,0
IMG_7224,0
IMG_7225,0
IMG_7226,0
IMG_7227,0
IMG_7228,0
IMG_7229,0
IMG_7230,0
IMG_7231,0
IMG_7232,0
IMG_7233,0
IMG_7234,0
IMG_7235,0
IMG_7236,0
IMG_7237,0
IMG_7238,0
IMG_7239,0
IMG_7240,0
IMG_7241,0
IMG_7242,0
IMG_7243,0
IMG_7244,0
IMG_7245,0
IMG_7246,0
IMG_7247,0
IMG_7248,0
IMG_7249,0
IMG_7250,0
IMG_7251,0
IMG_7252,0
IMG_7253,0
IMG_7254,0
IMG_7255,0
IMG_7256,0
IMG_7257,0
IMG_7258,0
IMG_7259,0
IMG_7262,0
IMG_7263,0
IMG_7264,0
IMG_7265,0
IMG_7266,0
IMG_7267,0
IMG_7268,0
IMG_7269,0
IMG_7270,0
IMG_7271,0
IMG_7272,0
IMG_7273,0
IMG_7274,0
IMG_7275,0
IMG_7276,0
IMG_7277,0
IMG_7278,0
IMG_7279,0
IMG_7280,0
IMG_7281,0
IMG_7282,0
IMG_7283,0
IMG_7284,0
IMG_7285,0
IMG_7286,0
IMG_7287,0
IMG_7288,0
IMG_7289,0
IMG_7290,0
IMG_7291,0
IMG_7292,0
IMG_7293,0
IMG_7294,0
IMG_7295,0
IMG_7296,0
IMG_7297,0
IMG_7298,0
IMG_7299,0
IMG_7300,0
IMG_7301,0
IMG_7302,0
IMG_7303,0
IMG_7304,0
IMG_7305,0
IMG_7306,0
IMG_7307,0
IMG_7308,0
IMG_7309,0
IMG_7310,0
IMG_7311,0
IMG_7312,0
IMG_7313,0
IMG_7314,0
IMG_7315,0
IMG_7316,0
IMG_7317,0
IMG_7318,0
IMG_7319,0
IMG_7320,0
IMG_7321,0
IMG_7322,0
IMG_7323,0
IMG_7324,0
IMG_7325,0
IMG_7326,0
IMG_7327,0
IMG_7328,0
IMG_7329,0
IMG_7330,0
IMG_7331,0
IMG_7332,0
IMG_7333,0
IMG_7334,0
IMG_7335,0
IMG_7336,0
IMG_7337,0
IMG_7338,0
IMG_7339,0
IMG_7340,0
IMG_7341,0
IMG_7342,0
IMG_7343,0
IMG_7344,0
IMG_7345,0
IMG_7346,0
IMG_7347,0
IMG_7348,0
IMG_7349,0
IMG_7350,0
IMG_7351,0
IMG_7352,0
IMG_7353,0
IMG_7354,0
IMG_7355,0
IMG_7356,0
IMG_7357,0
IMG_7358,0
IMG_7359,0
IMG_7360,0
IMG_7361,0
IMG_7362,0
IMG_7363,0
IMG_7364,0
IMG_7365,0
IMG_7366,0
IMG_7367,0
IMG_7368,0
IMG_7369,0
IMG_7370,0
IMG_7371,0
IMG_7372,0
IMG_7373,0
IMG_7374,0
IMG_7375,0
IMG_7376,0
IMG_7377,0
IMG_7378,0
IMG_7379,0
IMG_7380,0
IMG_7381,0
IMG_7382,0
IMG_7383,0
IMG_7384,0
IMG_7385,0
IMG_7386,0
IMG_7387,0
IMG_7388,0
IMG_7389,0
IMG_7390,0
IMG_7391,0
IMG_7392,0
IMG_7393,0
IMG_7394,0
IMG_7395,0
IMG_7396,0
IMG_7397,0
IMG_7398,0
IMG_7399,0
IMG_7400,0
IMG_7401,0
IMG_7402,0
IMG_7403,0
IMG_7404,0
IMG_7405,0
IMG_7406,0
IMG_7407,0
IMG_7408,0
IMG_7409,0
IMG_7410,0
IMG_7411,0
IMG_7412,0
IMG_7413,0
IMG_7414,0
IMG_7415,0
IMG_7416,0
IMG_7417,0
IMG_7418,0
IMG_7419,0
IMG_7420,0
IMG_7421,0
IMG_7422,0
IMG_7423,0
IMG_7424,0
IMG_7425,0
IMG_7426,0
IMG_7427,0
IMG_7428,0
IMG_7429,0
IMG_7430,0
IMG_7431,0
IMG_7432,0
IMG_7433,0
IMG_7434,0
IMG_7435,0
IMG_7436,0
IMG_7437,0
IMG_7438,0
IMG_7439,0
IMG_7440,0
IMG_7441,0
IMG_7442,0
IMG_7443,0
IMG_7444,0
IMG_7445,0
IMG_7446,0
IMG_7447,0
IMG_7448,0
IMG_7449,0
IMG_7450,0
IMG_7451,0
IMG_7452,0
IMG_7453,0
IMG_7454,0
IMG_7455,0
IMG_7456,0
IMG_7457,0
IMG_7458,0
IMG_7459,0
IMG_7460,0
IMG_7461,0
IMG_7462,0
IMG_7463,0
IMG_7464,0
IMG_7465,0
IMG_7466,0
IMG_7467,0
IMG_7468,0
IMG_7469,0
IMG_7470,0
IMG_7471,0
IMG_7472,0
IMG_7473,0
IMG_7474,0
IMG_7475,0
IMG_7476,0
IMG_7477,0
IMG_7478,0
IMG_7479,0
IMG_7480,0
IMG_7481,0
IMG_7482,0
IMG_7483,0
IMG_7484,0
IMG_7485,0
IMG_7486,0
IMG_7487,0
IMG_7488,0
IMG_7489,0
IMG_7490,0
IMG_7491,0
IMG_7492,0
IMG_7493,0
IMG_7494,0
IMG_7495,0
IMG_7496,0
IMG_7497,0
IMG_7498,0
IMG_7499,0
IMG_7500,0
IMG_7501,0
IMG_7502,0
IMG_7503,0
IMG_7504,0
IMG_7505,0
IMG_7506,0
IMG_7507,0
IMG_7508,0
IMG_7509,0
IMG_7510,0
IMG_7511,0
IMG_7512,0
IMG_7513,0
IMG_7514,0
IMG_7515,0
IMG_7516,0
IMG_7517,0
IMG_7518,0
IMG_7519,0
IMG_7520,0
IMG_7521,0
IMG_7522,0
IMG_7523,0
IMG_7524,0
IMG_7525,0
IMG_7526,0
IMG_7527,0
IMG_7528,0
IMG_7529,0
IMG_7530,0
IMG_7531,0
IMG_7532,0
IMG_7533,0
IMG_7534,0
IMG_7535,0
IMG_7536,0
IMG_7537,0
IMG_7538,0
IMG_7539,0
IMG_7540,0
IMG_7541,0
IMG_7542,0
IMG_7543,0
IMG_7544,0
IMG_7545,0
IMG_7546,0
IMG_7547,0
IMG_7548,0
